{
  "version": "2020.1",
  "applications": [],
  "platforms": [
    {
      "name": "PmodSSD_lab5_wrapper"
    }
  ],
  "systems": [
    {
      "name": "lab5_vitis_system",
      "platform": "C:/Users/EEuser/workspace/PmodSSD_lab5_wrapper/export/PmodSSD_lab5_wrapper/PmodSSD_lab5_wrapper.xpfm",
      "sysConfig": "PmodSSD_lab5_wrapper",
      "applications": [
        {
          "name": "lab5_vitis",
          "platform": "C:/Users/EEuser/workspace/PmodSSD_lab5_wrapper/export/PmodSSD_lab5_wrapper/PmodSSD_lab5_wrapper.xpfm",
          "platformPath": "C:\\Users\\EEuser\\workspace\\PmodSSD_lab5_wrapper\\export\\PmodSSD_lab5_wrapper",
          "sysConfig": "PmodSSD_lab5_wrapper",
          "domain": "domain_microblaze_0",
          "system": "lab5_vitis_system"
        }
      ],
      "platformPath": "C:\\Users\\EEuser\\workspace\\PmodSSD_lab5_wrapper\\export\\PmodSSD_lab5_wrapper"
    }
  ],
  "others": []
}