ImageId,PredictionString
0.jpg, 1 1.0 0.21 0.23 0.41 0.65
1.jpg, 1 1.0 0.43 0.35 0.5 0.47
2.jpg, 1 1.0 0.18 0.14 0.66 0.76
3.jpg, 1 1.0 0.1 0.25 0.65 0.61
4.jpg, 1 1.0 0.22 0.21 0.52 0.66
5.jpg, 1 1.0 0.01 0.18 0.79 0.8
6.jpg, 1 1.0 0.27 0.27 0.48 0.52
7.jpg, 1 1.0 0.37 0.3 0.52 0.51
8.jpg, 1 1.0 0.14 0.06 0.52 0.71
9.jpg, 1 1.0 0.14 0.14 0.83 0.85
10.jpg, 1 1.0 0.12 0.47 0.88 0.39
11.jpg, 1 1.0 0.25 0.15 0.3 0.81
12.jpg, 1 1.0 0.07 0.03 0.9 0.96
13.jpg, 1 1.0 0.07 0.35 0.47 0.52
14.jpg, 1 1.0 0.22 0.22 0.57 0.6
15.jpg, 1 1.0 0.25 0.24 0.7 0.7
16.jpg, 1 1.0 0.34 0.29 0.44 0.6
17.jpg, 1 1.0 0.16 0.42 0.43 0.35
18.jpg, 1 1.0 0.26 0.2 0.48 0.66
19.jpg, 1 1.0 0.21 0.19 0.41 0.44
20.jpg, 1 1.0 0.31 0.13 0.37 0.78
21.jpg, 1 1.0 0.24 0.19 0.76 0.52
22.jpg, 1 1.0 0.32 0.23 0.38 0.63
23.jpg, 1 1.0 0.2 0.17 0.58 0.63
24.jpg, 1 1.0 0.28 0.14 0.38 0.7
25.jpg, 1 1.0 0.2 0.16 0.56 0.78
26.jpg, 1 1.0 0.21 0.11 0.78 0.88
27.jpg, 1 1.0 0.12 0.12 0.87 0.86
28.jpg, 1 1.0 0.32 0.13 0.36 0.74
29.jpg, 1 1.0 0.26 0.43 0.57 0.36
30.jpg, 1 1.0 0.12 0.14 0.45 0.7
31.jpg, 1 1.0 0.26 0.26 0.54 0.68
32.jpg, 1 1.0 0.04 0.05 0.9 0.71
33.jpg, 1 1.0 0.24 0.18 0.59 0.6
34.jpg, 1 1.0 0.08 0.04 0.63 0.84
35.jpg, 1 1.0 0.24 0.25 0.4 0.48
36.jpg, 1 1.0 0.16 0.29 0.78 0.4
37.jpg, 1 1.0 0.0 0.27 0.84 0.69
38.jpg, 1 1.0 0.37 0.14 0.46 0.79
39.jpg, 1 1.0 0.16 0.06 0.77 0.91
40.jpg, 1 1.0 0.31 0.33 0.53 0.41
41.jpg, 1 1.0 0.12 0.06 0.74 0.91
42.jpg, 1 1.0 0.29 0.29 0.39 0.7
43.jpg, 1 1.0 0.03 0.06 0.96 0.94
44.jpg, 1 1.0 0.05 0.14 0.81 0.44
45.jpg, 1 1.0 0.18 0.12 0.88 0.74
46.jpg, 1 1.0 0.12 0.08 0.65 0.91
47.jpg, 1 1.0 0.24 0.11 0.41 0.79
48.jpg, 1 1.0 0.32 0.08 0.62 0.85
49.jpg, 1 1.0 0.34 0.38 0.2 0.33
50.jpg, 1 1.0 0.27 0.29 0.52 0.44
51.jpg, 1 1.0 0.41 0.15 0.3 0.7
52.jpg, 1 1.0 0.07 0.09 0.67 0.75
53.jpg, 1 1.0 0.24 0.06 0.44 0.88
54.jpg, 1 1.0 0.13 0.2 0.76 0.65
55.jpg, 1 1.0 0.15 0.25 0.59 0.55
56.jpg, 1 1.0 0.44 0.14 0.45 0.71
57.jpg, 1 1.0 0.0 0.26 0.71 0.73
58.jpg, 1 1.0 0.12 0.09 0.67 0.63
59.jpg, 1 1.0 0.28 0.12 0.45 0.82
60.jpg, 1 1.0 0.15 0.03 0.69 0.93
61.jpg, 1 1.0 0.27 0.18 0.61 0.48
62.jpg, 1 1.0 0.3 0.17 0.51 0.76
63.jpg, 1 1.0 0.16 0.11 0.65 0.77
64.jpg, 1 1.0 0.22 0.08 0.32 0.74
65.jpg, 1 1.0 0.31 0.26 0.51 0.55
66.jpg, 1 1.0 0.16 0.31 0.55 0.52
67.jpg, 1 1.0 0.21 0.25 0.53 0.53
68.jpg, 1 1.0 0.24 0.25 0.46 0.56
69.jpg, 1 1.0 0.3 0.19 0.25 0.55
70.jpg, 1 1.0 0.17 0.28 0.75 0.61
71.jpg, 1 1.0 0.59 0.23 0.28 0.77
72.jpg, 1 1.0 0.14 0.23 0.63 0.67
73.jpg, 1 1.0 0.34 0.36 0.43 0.37
74.jpg, 1 1.0 0.25 0.27 0.47 0.29
75.jpg, 1 1.0 0.08 0.24 0.77 0.61
76.jpg, 1 1.0 0.13 0.19 0.74 0.7
77.jpg, 1 1.0 0.11 0.27 0.55 0.37
78.jpg, 1 1.0 0.35 0.18 0.47 0.75
79.jpg, 1 1.0 0.38 0.21 0.38 0.58
80.jpg, 1 1.0 0.05 0.17 0.92 0.77
81.jpg, 1 1.0 0.14 0.1 0.71 0.79
82.jpg, 1 1.0 0.28 0.19 0.53 0.67
83.jpg, 1 1.0 0.06 0.16 0.65 0.65
84.jpg, 1 1.0 0.22 0.19 0.54 0.62
85.jpg, 1 1.0 0.23 0.17 0.65 0.77
86.jpg, 1 1.0 0.12 0.19 0.43 0.82
87.jpg, 1 1.0 0.09 0.27 0.51 0.56
88.jpg, 1 1.0 0.23 0.13 0.66 0.73
89.jpg, 1 1.0 0.38 0.09 0.6 0.54
90.jpg, 1 1.0 0.11 0.26 0.63 0.54
91.jpg, 1 1.0 0.16 0.21 0.69 0.64
92.jpg, 1 1.0 0.34 0.19 0.31 0.58
93.jpg, 1 1.0 0.18 0.28 0.55 0.39
94.jpg, 1 1.0 0.18 0.13 0.6 0.74
95.jpg, 1 1.0 0.06 0.36 0.84 0.29
96.jpg, 1 1.0 0.27 0.2 0.26 0.43
97.jpg, 1 1.0 0.2 0.19 0.47 0.56
98.jpg, 1 1.0 0.0 0.09 0.88 0.8
99.jpg, 1 1.0 0.04 0.11 0.81 0.82
100.jpg, 1 1.0 0.09 0.17 0.51 0.75
101.jpg, 1 1.0 0.03 0.23 0.63 0.65
102.jpg, 1 1.0 0.26 0.3 0.48 0.41
103.jpg, 1 1.0 0.35 0.13 0.51 0.68
104.jpg, 1 1.0 0.11 0.3 0.64 0.61
105.jpg, 1 1.0 0.24 0.28 0.52 0.69
106.jpg, 1 1.0 0.37 0.26 0.23 0.57
107.jpg, 1 1.0 0.02 0.07 0.73 0.91
108.jpg, 1 1.0 0.17 0.37 0.65 0.38
109.jpg, 1 1.0 0.08 0.13 0.66 0.82
110.jpg, 1 1.0 0.13 0.24 0.65 0.57
111.jpg, 1 1.0 0.12 0.06 0.53 0.66
112.jpg, 1 1.0 0.39 0.37 0.37 0.51
113.jpg, 1 1.0 0.25 0.46 0.43 0.22
114.jpg, 1 1.0 0.23 0.25 0.45 0.63
115.jpg, 1 1.0 0.07 0.39 0.77 0.24
116.jpg, 1 1.0 0.29 0.09 0.59 0.87
117.jpg, 1 1.0 0.3 0.32 0.34 0.39
118.jpg, 1 1.0 0.26 0.35 0.7 0.58
119.jpg, 1 1.0 0.39 0.38 0.32 0.38
120.jpg, 1 1.0 0.26 0.21 0.54 0.52
121.jpg, 1 1.0 0.59 0.06 0.27 0.91
122.jpg, 1 1.0 0.32 0.27 0.51 0.63
123.jpg, 1 1.0 0.06 0.09 0.87 0.8
124.jpg, 1 1.0 0.08 0.04 0.78 0.89
125.jpg, 1 1.0 0.22 0.05 0.49 0.89
126.jpg, 1 1.0 0.2 0.16 0.65 0.78
127.jpg, 1 1.0 0.17 0.26 0.53 0.65
128.jpg, 1 1.0 0.12 0.33 0.5 0.42
129.jpg, 1 1.0 0.4 0.14 0.42 0.74
130.jpg, 1 1.0 0.39 0.2 0.24 0.4
131.jpg, 1 1.0 0.04 0.31 0.9 0.61
132.jpg, 1 1.0 0.11 0.09 0.46 0.86
133.jpg, 1 1.0 0.22 0.16 0.7 0.84
134.jpg, 1 1.0 0.33 0.37 0.27 0.34
135.jpg, 1 1.0 0.26 0.28 0.33 0.51
136.jpg, 1 1.0 0.0 0.18 0.91 0.83
137.jpg, 1 1.0 0.33 0.13 0.42 0.62
138.jpg, 1 1.0 0.39 0.12 0.53 0.8
139.jpg, 1 1.0 0.02 0.05 0.97 0.94
140.jpg, 1 1.0 0.18 0.3 0.28 0.53
141.jpg, 1 1.0 0.04 0.08 0.4 0.81
142.jpg, 1 1.0 0.01 0.4 0.37 0.6
143.jpg, 1 1.0 0.15 0.18 0.37 0.72
144.jpg, 1 1.0 0.32 0.18 0.33 0.29
145.jpg, 1 1.0 0.01 0.0 0.99 0.99
146.jpg, 1 1.0 0.28 0.26 0.45 0.49
147.jpg, 1 1.0 0.38 0.19 0.38 0.56
148.jpg, 1 1.0 0.41 0.35 0.28 0.57
149.jpg, 1 1.0 0.03 0.28 0.73 0.64
150.jpg, 1 1.0 0.1 0.13 0.54 0.59
151.jpg, 1 1.0 0.36 0.24 0.36 0.39
152.jpg, 1 1.0 0.39 0.29 0.41 0.43
153.jpg, 1 1.0 0.13 0.14 0.39 0.78
154.jpg, 1 1.0 0.15 0.19 0.57 0.75
155.jpg, 1 1.0 0.59 0.28 0.3 0.41
156.jpg, 1 1.0 0.14 0.05 0.81 0.89
157.jpg, 1 1.0 0.06 0.08 0.81 0.81
158.jpg, 1 1.0 0.02 0.04 0.98 0.94
159.jpg, 1 1.0 0.18 0.16 0.57 0.72
160.jpg, 1 1.0 0.17 0.12 0.76 0.63
161.jpg, 1 1.0 0.06 0.15 0.88 0.85
162.jpg, 1 1.0 0.3 0.24 0.32 0.56
163.jpg, 1 1.0 0.18 0.29 0.39 0.7
164.jpg, 1 1.0 0.21 0.18 0.78 0.69
165.jpg, 1 1.0 0.11 0.14 0.35 0.42
166.jpg, 1 1.0 0.17 0.39 0.52 0.5
167.jpg, 1 1.0 0.21 0.33 0.4 0.65
168.jpg, 1 1.0 0.19 0.27 0.68 0.73
169.jpg, 1 1.0 0.21 0.2 0.52 0.5
170.jpg, 1 1.0 0.23 0.29 0.68 0.65
171.jpg, 1 1.0 0.11 0.11 0.73 0.6
172.jpg, 1 1.0 0.28 0.25 0.52 0.68
173.jpg, 1 1.0 0.13 0.1 0.66 0.82
174.jpg, 1 1.0 0.19 0.21 0.8 0.78
175.jpg, 1 1.0 0.1 0.05 0.37 0.9
176.jpg, 1 1.0 0.14 0.3 0.62 0.42
177.jpg, 1 1.0 0.06 0.21 0.88 0.5
178.jpg, 1 1.0 0.03 0.08 0.82 0.83
179.jpg, 1 1.0 0.18 0.28 0.57 0.54
180.jpg, 1 1.0 0.13 0.25 0.57 0.59
181.jpg, 1 1.0 0.01 0.09 0.77 0.77
182.jpg, 1 1.0 0.05 0.21 0.79 0.63
183.jpg, 1 1.0 0.2 0.23 0.4 0.59
184.jpg, 1 1.0 0.18 0.18 0.71 0.73
185.jpg, 1 1.0 0.26 0.18 0.31 0.77
186.jpg, 1 1.0 0.12 0.07 0.85 0.89
187.jpg, 1 1.0 0.27 0.11 0.67 0.83
188.jpg, 1 1.0 0.18 0.18 0.73 0.72
189.jpg, 1 1.0 0.07 0.27 0.71 0.54
190.jpg, 1 1.0 0.41 0.36 0.24 0.4
191.jpg, 1 1.0 0.04 0.25 0.93 0.62
192.jpg, 1 1.0 0.16 0.22 0.22 0.35
193.jpg, 1 1.0 0.28 0.02 0.57 0.97
194.jpg, 1 1.0 0.15 0.15 0.73 0.73
195.jpg, 1 1.0 0.28 0.29 0.56 0.5
196.jpg, 1 1.0 0.17 0.2 0.39 0.47
197.jpg, 1 1.0 0.19 0.18 0.38 0.62
198.jpg, 1 1.0 0.2 0.08 0.6 0.86
199.jpg, 1 1.0 0.0 0.15 0.98 0.74
200.jpg, 1 1.0 0.2 0.31 0.42 0.33
201.jpg, 1 1.0 0.25 0.15 0.59 0.69
202.jpg, 1 1.0 0.19 0.27 0.3 0.57
203.jpg, 1 1.0 0.4 0.24 0.47 0.55
204.jpg, 1 1.0 0.26 0.17 0.67 0.67
205.jpg, 1 1.0 0.0 0.09 0.96 0.91
206.jpg, 1 1.0 0.21 0.07 0.68 0.81
207.jpg, 1 1.0 0.24 0.18 0.2 0.64
208.jpg, 1 1.0 0.0 0.01 1.0 0.85
209.jpg, 1 1.0 0.43 0.08 0.3 0.88
210.jpg, 1 1.0 0.4 0.07 0.33 0.91
211.jpg, 1 1.0 0.27 0.2 0.34 0.72
212.jpg, 1 1.0 0.24 0.16 0.46 0.61
213.jpg, 1 1.0 0.14 0.27 0.56 0.44
214.jpg, 1 1.0 0.32 0.26 0.4 0.41
215.jpg, 1 1.0 0.02 0.03 0.93 0.94
216.jpg, 1 1.0 0.18 0.08 0.79 0.92
217.jpg, 1 1.0 0.28 0.05 0.43 0.93
218.jpg, 1 1.0 0.28 0.22 0.4 0.65
219.jpg, 1 1.0 0.21 0.17 0.69 0.72
220.jpg, 1 1.0 0.35 0.15 0.22 0.7
221.jpg, 1 1.0 0.3 0.28 0.63 0.57
222.jpg, 1 1.0 0.11 0.27 0.59 0.32
223.jpg, 1 1.0 0.25 0.27 0.75 0.71
224.jpg, 1 1.0 0.05 0.31 0.58 0.53
225.jpg, 1 1.0 0.06 0.04 0.93 0.94
226.jpg, 1 1.0 0.38 0.34 0.3 0.36
227.jpg, 1 1.0 0.38 0.26 0.35 0.56
228.jpg, 1 1.0 0.07 0.11 0.5 0.84
229.jpg, 1 1.0 0.06 0.25 0.66 0.61
230.jpg, 1 1.0 0.37 0.02 0.32 0.95
231.jpg, 1 1.0 0.45 0.34 0.24 0.48
232.jpg, 1 1.0 0.01 0.21 0.88 0.78
233.jpg, 1 1.0 0.16 0.21 0.53 0.57
234.jpg, 1 1.0 0.19 0.32 0.58 0.44
235.jpg, 1 1.0 0.42 0.4 0.53 0.5
236.jpg, 1 1.0 0.36 0.21 0.37 0.49
237.jpg, 1 1.0 0.0 0.06 0.83 0.94
238.jpg, 1 1.0 0.16 0.2 0.62 0.7
239.jpg, 1 1.0 0.44 0.06 0.54 0.94
240.jpg, 1 1.0 0.26 0.37 0.33 0.37
241.jpg, 1 1.0 0.19 0.21 0.74 0.8
242.jpg, 1 1.0 0.27 0.23 0.4 0.67
243.jpg, 1 1.0 0.28 0.36 0.43 0.63
244.jpg, 1 1.0 0.05 0.04 0.74 0.78
245.jpg, 1 1.0 0.36 0.07 0.25 0.76
246.jpg, 1 1.0 0.18 0.14 0.33 0.82
247.jpg, 1 1.0 0.36 0.28 0.32 0.59
248.jpg, 1 1.0 0.26 0.33 0.44 0.59
249.jpg, 1 1.0 0.15 0.23 0.59 0.61
250.jpg, 1 1.0 0.25 0.09 0.74 0.91
251.jpg, 1 1.0 0.37 0.2 0.34 0.32
252.jpg, 1 1.0 0.47 0.11 0.31 0.81
253.jpg, 1 1.0 0.28 0.11 0.36 0.8
254.jpg, 1 1.0 0.13 0.11 0.69 0.85
255.jpg, 1 1.0 0.19 0.3 0.31 0.41
256.jpg, 1 1.0 0.21 0.18 0.65 0.58
257.jpg, 1 1.0 0.33 0.21 0.24 0.64
258.jpg, 1 1.0 0.26 0.2 0.68 0.36
259.jpg, 1 1.0 0.22 0.22 0.74 0.75
260.jpg, 1 1.0 0.21 0.34 0.4 0.45
261.jpg, 1 1.0 0.04 0.07 0.93 0.92
262.jpg, 1 1.0 0.22 0.03 0.55 0.77
263.jpg, 1 1.0 0.0 0.0 0.84 0.8
264.jpg, 1 1.0 0.21 0.16 0.61 0.5
265.jpg, 1 1.0 0.51 0.17 0.27 0.66
266.jpg, 1 1.0 0.1 0.25 0.85 0.58
267.jpg, 1 1.0 0.36 0.23 0.37 0.59
268.jpg, 1 1.0 0.15 0.17 0.63 0.75
269.jpg, 1 1.0 0.2 0.28 0.44 0.67
270.jpg, 1 1.0 0.42 0.2 0.28 0.61
271.jpg, 1 1.0 0.22 0.05 0.5 0.93
272.jpg, 1 1.0 0.4 0.45 0.22 0.35
273.jpg, 1 1.0 0.25 0.23 0.61 0.49
274.jpg, 1 1.0 0.31 0.14 0.56 0.82
275.jpg, 1 1.0 0.0 0.21 0.42 0.51
276.jpg, 1 1.0 0.18 0.15 0.37 0.84
277.jpg, 1 1.0 0.04 0.06 0.9 0.92
278.jpg, 1 1.0 0.26 0.2 0.64 0.63
279.jpg, 1 1.0 0.21 0.15 0.53 0.85
280.jpg, 1 1.0 0.27 0.29 0.54 0.51
281.jpg, 1 1.0 0.2 0.28 0.55 0.59
282.jpg, 1 1.0 0.32 0.19 0.58 0.45
283.jpg, 1 1.0 0.02 0.04 0.69 0.86
284.jpg, 1 1.0 0.24 0.2 0.29 0.34
285.jpg, 1 1.0 0.18 0.22 0.38 0.36
286.jpg, 1 1.0 0.29 0.21 0.51 0.47
287.jpg, 1 1.0 0.07 0.12 0.84 0.79
288.jpg, 1 1.0 0.15 0.29 0.37 0.65
289.jpg, 1 1.0 0.19 0.13 0.59 0.81
290.jpg, 1 1.0 0.33 0.26 0.41 0.64
291.jpg, 1 1.0 0.3 0.06 0.55 0.94
292.jpg, 1 1.0 0.07 0.09 0.92 0.88
293.jpg, 1 1.0 0.29 0.19 0.68 0.64
294.jpg, 1 1.0 0.25 0.08 0.52 0.88
295.jpg, 1 1.0 0.11 0.38 0.65 0.52
296.jpg, 1 1.0 0.24 0.36 0.38 0.33
297.jpg, 1 1.0 0.29 0.29 0.46 0.31
298.jpg, 1 1.0 0.32 0.06 0.48 0.87
299.jpg, 1 1.0 0.01 0.2 0.47 0.72
300.jpg, 1 1.0 0.35 0.18 0.43 0.65
301.jpg, 1 1.0 0.41 0.01 0.22 0.98
302.jpg, 1 1.0 0.38 0.15 0.47 0.76
303.jpg, 1 1.0 0.17 0.18 0.77 0.72
304.jpg, 1 1.0 0.26 0.14 0.47 0.78
305.jpg, 1 1.0 0.07 0.24 0.9 0.76
306.jpg, 1 1.0 0.02 0.02 0.93 0.84
307.jpg, 1 1.0 0.42 0.15 0.48 0.81
308.jpg, 1 1.0 0.23 0.1 0.6 0.9
309.jpg, 1 1.0 0.09 0.13 0.52 0.86
310.jpg, 1 1.0 0.04 0.1 0.71 0.86
311.jpg, 1 1.0 0.03 0.02 0.93 0.99
312.jpg, 1 1.0 0.03 0.12 0.7 0.88
313.jpg, 1 1.0 0.16 0.22 0.57 0.75
314.jpg, 1 1.0 0.31 0.17 0.53 0.46
315.jpg, 1 1.0 0.28 0.34 0.33 0.25
316.jpg, 1 1.0 0.12 0.29 0.63 0.53
317.jpg, 1 1.0 0.36 0.28 0.52 0.43
318.jpg, 1 1.0 0.07 0.23 0.88 0.4
319.jpg, 1 1.0 0.2 0.17 0.21 0.36
320.jpg, 1 1.0 0.12 0.13 0.69 0.85
321.jpg, 1 1.0 0.27 0.27 0.44 0.67
322.jpg, 1 1.0 0.19 0.27 0.63 0.38
323.jpg, 1 1.0 0.05 0.17 0.44 0.71
324.jpg, 1 1.0 0.35 0.07 0.53 0.89
325.jpg, 1 1.0 0.03 0.18 0.91 0.77
326.jpg, 1 1.0 0.26 0.27 0.35 0.61
327.jpg, 1 1.0 0.21 0.02 0.48 0.95
328.jpg, 1 1.0 0.23 0.24 0.65 0.52
329.jpg, 1 1.0 0.6 0.19 0.35 0.5
330.jpg, 1 1.0 0.03 0.11 0.9 0.85
331.jpg, 1 1.0 0.03 0.08 0.97 0.91
332.jpg, 1 1.0 0.18 0.24 0.26 0.57
333.jpg, 1 1.0 0.06 0.05 0.89 0.88
334.jpg, 1 1.0 0.25 0.18 0.55 0.81
335.jpg, 1 1.0 0.31 0.3 0.44 0.46
336.jpg, 1 1.0 0.1 0.1 0.83 0.74
337.jpg, 1 1.0 0.02 0.07 0.82 0.82
338.jpg, 1 1.0 0.16 0.22 0.67 0.4
339.jpg, 1 1.0 0.14 0.15 0.71 0.64
340.jpg, 1 1.0 0.29 0.08 0.38 0.89
341.jpg, 1 1.0 0.28 0.04 0.67 0.51
342.jpg, 1 1.0 0.0 0.04 0.8 0.96
343.jpg, 1 1.0 0.41 0.34 0.59 0.66
344.jpg, 1 1.0 0.31 0.24 0.56 0.58
345.jpg, 1 1.0 0.13 0.33 0.44 0.48
346.jpg, 1 1.0 0.3 0.14 0.55 0.56
347.jpg, 1 1.0 0.11 0.12 0.74 0.49
348.jpg, 1 1.0 0.18 0.27 0.46 0.33
349.jpg, 1 1.0 0.17 0.07 0.57 0.92
350.jpg, 1 1.0 0.3 0.29 0.36 0.52
351.jpg, 1 1.0 0.35 0.18 0.62 0.8
352.jpg, 1 1.0 0.15 0.13 0.64 0.79
353.jpg, 1 1.0 0.24 0.35 0.25 0.4
354.jpg, 1 1.0 0.31 0.2 0.63 0.69
355.jpg, 1 1.0 0.36 0.04 0.49 0.95
356.jpg, 1 1.0 0.39 0.11 0.53 0.78
357.jpg, 1 1.0 0.46 0.08 0.37 0.85
358.jpg, 1 1.0 0.39 0.3 0.44 0.46
359.jpg, 1 1.0 0.14 0.14 0.48 0.83
360.jpg, 1 1.0 0.15 0.25 0.33 0.47
361.jpg, 1 1.0 0.19 0.34 0.51 0.36
362.jpg, 1 1.0 0.13 0.3 0.82 0.58
363.jpg, 1 1.0 0.48 0.42 0.4 0.36
364.jpg, 1 1.0 0.05 0.03 0.79 0.95
365.jpg, 1 1.0 0.2 0.2 0.61 0.71
366.jpg, 1 1.0 0.16 0.39 0.51 0.29
367.jpg, 1 1.0 0.34 0.32 0.54 0.46
368.jpg, 1 1.0 0.25 0.25 0.62 0.65
369.jpg, 1 1.0 0.23 0.25 0.43 0.75
370.jpg, 1 1.0 0.29 0.16 0.64 0.8
371.jpg, 1 1.0 0.02 0.18 0.94 0.62
372.jpg, 1 1.0 0.34 0.06 0.24 0.89
373.jpg, 1 1.0 0.25 0.09 0.73 0.79
374.jpg, 1 1.0 0.13 0.07 0.66 0.53
375.jpg, 1 1.0 0.26 0.16 0.71 0.74
376.jpg, 1 1.0 0.32 0.33 0.45 0.36
377.jpg, 1 1.0 0.04 0.05 0.96 0.93
378.jpg, 1 1.0 0.34 0.22 0.33 0.47
379.jpg, 1 1.0 0.01 0.23 0.94 0.6
380.jpg, 1 1.0 0.29 0.46 0.24 0.36
381.jpg, 1 1.0 0.26 0.35 0.3 0.23
382.jpg, 1 1.0 0.23 0.1 0.62 0.53
383.jpg, 1 1.0 0.33 0.19 0.6 0.68
384.jpg, 1 1.0 0.36 0.21 0.32 0.63
385.jpg, 1 1.0 0.14 0.33 0.48 0.46
386.jpg, 1 1.0 0.43 0.12 0.44 0.82
387.jpg, 1 1.0 0.16 0.45 0.8 0.48
388.jpg, 1 1.0 0.23 0.29 0.54 0.67
389.jpg, 1 1.0 0.17 0.42 0.34 0.53
390.jpg, 1 1.0 0.41 0.34 0.36 0.41
391.jpg, 1 1.0 0.06 0.16 0.82 0.61
392.jpg, 1 1.0 0.14 0.13 0.64 0.74
393.jpg, 1 1.0 0.38 0.03 0.42 0.78
394.jpg, 1 1.0 0.5 0.41 0.29 0.35
395.jpg, 1 1.0 0.0 0.03 0.99 0.97
396.jpg, 1 1.0 0.12 0.13 0.58 0.54
397.jpg, 1 1.0 0.34 0.24 0.38 0.55
398.jpg, 1 1.0 0.35 0.06 0.35 0.92
399.jpg, 1 1.0 0.13 0.28 0.65 0.61
400.jpg, 1 1.0 0.22 0.17 0.55 0.6
401.jpg, 1 1.0 0.15 0.12 0.77 0.85
402.jpg, 1 1.0 0.27 0.23 0.61 0.51
403.jpg, 1 1.0 0.2 0.27 0.54 0.47
404.jpg, 1 1.0 0.24 0.18 0.53 0.68
405.jpg, 1 1.0 0.19 0.18 0.65 0.65
406.jpg, 1 1.0 0.14 0.14 0.84 0.83
407.jpg, 1 1.0 0.33 0.06 0.52 0.79
408.jpg, 1 1.0 0.44 0.08 0.36 0.81
409.jpg, 1 1.0 0.02 0.24 0.89 0.73
410.jpg, 1 1.0 0.12 0.2 0.36 0.58
411.jpg, 1 1.0 0.28 0.32 0.56 0.37
412.jpg, 1 1.0 0.23 0.05 0.57 0.94
413.jpg, 1 1.0 0.46 0.33 0.47 0.62
414.jpg, 1 1.0 0.14 0.07 0.67 0.9
415.jpg, 1 1.0 0.37 0.26 0.25 0.54
416.jpg, 1 1.0 0.13 0.28 0.62 0.4
417.jpg, 1 1.0 0.12 0.14 0.51 0.7
418.jpg, 1 1.0 0.38 0.24 0.32 0.56
419.jpg, 1 1.0 0.26 0.18 0.59 0.68
420.jpg, 1 1.0 0.08 0.12 0.68 0.74
421.jpg, 1 1.0 0.13 0.31 0.63 0.49
422.jpg, 1 1.0 0.27 0.4 0.49 0.49
423.jpg, 1 1.0 0.23 0.13 0.49 0.78
424.jpg, 1 1.0 0.28 0.16 0.55 0.74
425.jpg, 1 1.0 0.27 0.2 0.7 0.48
426.jpg, 1 1.0 0.31 0.28 0.49 0.38
427.jpg, 1 1.0 0.37 0.48 0.33 0.29
428.jpg, 1 1.0 0.29 0.26 0.61 0.59
429.jpg, 1 1.0 0.12 0.14 0.75 0.77
430.jpg, 1 1.0 0.38 0.22 0.24 0.53
431.jpg, 1 1.0 0.28 0.24 0.51 0.59
432.jpg, 1 1.0 0.1 0.35 0.89 0.64
433.jpg, 1 1.0 0.3 0.34 0.42 0.51
434.jpg, 1 1.0 0.0 0.0 0.8 0.92
435.jpg, 1 1.0 0.27 0.16 0.51 0.57
436.jpg, 1 1.0 0.02 0.01 0.92 0.91
437.jpg, 1 1.0 0.1 0.39 0.3 0.27
438.jpg, 1 1.0 0.05 0.08 0.82 0.79
439.jpg, 1 1.0 0.12 0.17 0.55 0.82
440.jpg, 1 1.0 0.28 0.2 0.66 0.61
441.jpg, 1 1.0 0.43 0.28 0.32 0.58
442.jpg, 1 1.0 0.13 0.04 0.76 0.94
443.jpg, 1 1.0 0.2 0.22 0.35 0.51
444.jpg, 1 1.0 0.33 0.15 0.33 0.81
445.jpg, 1 1.0 0.2 0.09 0.77 0.9
446.jpg, 1 1.0 0.11 0.24 0.56 0.45
447.jpg, 1 1.0 0.15 0.27 0.74 0.5
448.jpg, 1 1.0 0.33 0.11 0.39 0.8
449.jpg, 1 1.0 0.16 0.36 0.31 0.47
450.jpg, 1 1.0 0.41 0.25 0.58 0.45
451.jpg, 1 1.0 0.34 0.34 0.51 0.56
452.jpg, 1 1.0 0.11 0.29 0.59 0.36
453.jpg, 1 1.0 0.31 0.08 0.47 0.8
454.jpg, 1 1.0 0.01 0.02 0.93 0.95
455.jpg, 1 1.0 0.31 0.33 0.21 0.3
456.jpg, 1 1.0 0.38 0.49 0.59 0.46
457.jpg, 1 1.0 0.19 0.24 0.52 0.53
458.jpg, 1 1.0 0.15 0.11 0.48 0.87
459.jpg, 1 1.0 0.46 0.15 0.44 0.79
460.jpg, 1 1.0 0.06 0.32 0.5 0.44
461.jpg, 1 1.0 0.5 0.16 0.22 0.63
462.jpg, 1 1.0 0.24 0.24 0.52 0.45
463.jpg, 1 1.0 0.18 0.35 0.65 0.36
464.jpg, 1 1.0 0.11 0.12 0.74 0.87
465.jpg, 1 1.0 0.07 0.1 0.84 0.82
466.jpg, 1 1.0 0.24 0.25 0.26 0.52
467.jpg, 1 1.0 0.03 0.12 0.82 0.84
468.jpg, 1 1.0 0.0 0.17 0.68 0.83
469.jpg, 1 1.0 0.49 0.43 0.44 0.36
470.jpg, 1 1.0 0.19 0.24 0.62 0.6
471.jpg, 1 1.0 0.05 0.16 0.86 0.66
472.jpg, 1 1.0 0.17 0.29 0.45 0.64
473.jpg, 1 1.0 0.3 0.22 0.28 0.77
474.jpg, 1 1.0 0.17 0.33 0.42 0.67
475.jpg, 1 1.0 0.2 0.27 0.39 0.56
476.jpg, 1 1.0 0.26 0.06 0.3 0.84
477.jpg, 1 1.0 0.15 0.12 0.67 0.42
478.jpg, 1 1.0 0.16 0.23 0.45 0.52
479.jpg, 1 1.0 0.18 0.15 0.67 0.69
480.jpg, 1 1.0 0.26 0.1 0.42 0.81
481.jpg, 1 1.0 0.37 0.16 0.28 0.75
482.jpg, 1 1.0 0.27 0.27 0.41 0.58
483.jpg, 1 1.0 0.07 0.21 0.76 0.63
484.jpg, 1 1.0 0.15 0.13 0.59 0.86
485.jpg, 1 1.0 0.24 0.34 0.39 0.4
486.jpg, 1 1.0 0.13 0.22 0.61 0.78
487.jpg, 1 1.0 0.06 0.28 0.75 0.6
488.jpg, 1 1.0 0.1 0.16 0.74 0.75
489.jpg, 1 1.0 0.46 0.33 0.29 0.51
490.jpg, 1 1.0 0.31 0.29 0.31 0.45
491.jpg, 1 1.0 0.14 0.33 0.51 0.56
492.jpg, 1 1.0 0.27 0.18 0.64 0.68
493.jpg, 1 1.0 0.18 0.09 0.79 0.88
494.jpg, 1 1.0 0.4 0.39 0.28 0.42
495.jpg, 1 1.0 0.39 0.39 0.31 0.45
496.jpg, 1 1.0 0.63 0.24 0.26 0.67
497.jpg, 1 1.0 0.29 0.25 0.44 0.46
498.jpg, 1 1.0 0.2 0.1 0.67 0.7
499.jpg, 1 1.0 0.24 0.08 0.43 0.78
500.jpg, 1 1.0 0.43 0.14 0.22 0.71
501.jpg, 1 1.0 0.0 0.22 0.98 0.6
502.jpg, 1 1.0 0.29 0.23 0.36 0.48
503.jpg, 1 1.0 0.28 0.26 0.24 0.47
504.jpg, 1 1.0 0.28 0.26 0.47 0.52
505.jpg, 1 1.0 0.53 0.23 0.39 0.4
506.jpg, 1 1.0 0.18 0.43 0.41 0.29
507.jpg, 1 1.0 0.0 0.05 0.92 0.95
508.jpg, 1 1.0 0.01 0.14 0.85 0.73
509.jpg, 1 1.0 0.18 0.24 0.37 0.63
510.jpg, 1 1.0 0.36 0.47 0.49 0.28
511.jpg, 1 1.0 0.37 0.42 0.4 0.36
512.jpg, 1 1.0 0.26 0.34 0.32 0.29
513.jpg, 1 1.0 0.25 0.29 0.42 0.46
514.jpg, 1 1.0 0.06 0.11 0.84 0.8
515.jpg, 1 1.0 0.25 0.25 0.35 0.41
516.jpg, 1 1.0 0.17 0.17 0.58 0.68
517.jpg, 1 1.0 0.06 0.16 0.75 0.52
518.jpg, 1 1.0 0.19 0.25 0.35 0.55
519.jpg, 1 1.0 0.05 0.17 0.72 0.58
520.jpg, 1 1.0 0.13 0.24 0.87 0.53
521.jpg, 1 1.0 0.24 0.12 0.59 0.74
522.jpg, 1 1.0 0.44 0.28 0.41 0.54
523.jpg, 1 1.0 0.06 0.34 0.71 0.53
524.jpg, 1 1.0 0.0 0.3 0.91 0.62
525.jpg, 1 1.0 0.04 0.08 0.77 0.91
526.jpg, 1 1.0 0.16 0.59 0.23 0.29
527.jpg, 1 1.0 0.09 0.11 0.54 0.87
528.jpg, 1 1.0 0.34 0.25 0.46 0.67
529.jpg, 1 1.0 0.18 0.29 0.34 0.54
530.jpg, 1 1.0 0.07 0.17 0.55 0.63
531.jpg, 1 1.0 0.12 0.38 0.45 0.44
532.jpg, 1 1.0 0.28 0.26 0.33 0.55
533.jpg, 1 1.0 0.11 0.11 0.75 0.53
534.jpg, 1 1.0 0.12 0.22 0.68 0.77
535.jpg, 1 1.0 0.18 0.24 0.47 0.45
536.jpg, 1 1.0 0.24 0.14 0.24 0.4
537.jpg, 1 1.0 0.0 0.23 0.81 0.53
538.jpg, 1 1.0 0.05 0.17 0.73 0.59
539.jpg, 1 1.0 0.23 0.27 0.57 0.46
540.jpg, 1 1.0 0.21 0.02 0.59 0.97
541.jpg, 1 1.0 0.09 0.08 0.54 0.83
542.jpg, 1 1.0 0.13 0.12 0.86 0.86
543.jpg, 1 1.0 0.13 0.11 0.73 0.71
544.jpg, 1 1.0 0.11 0.24 0.47 0.58
545.jpg, 1 1.0 0.19 0.12 0.58 0.76
546.jpg, 1 1.0 0.19 0.32 0.23 0.32
547.jpg, 1 1.0 0.29 0.34 0.27 0.44
548.jpg, 1 1.0 0.14 0.11 0.72 0.86
549.jpg, 1 1.0 0.3 0.29 0.24 0.47
550.jpg, 1 1.0 0.3 0.18 0.45 0.61
551.jpg, 1 1.0 0.01 0.17 0.91 0.65
552.jpg, 1 1.0 0.35 0.22 0.29 0.58
553.jpg, 1 1.0 0.23 0.23 0.34 0.43
554.jpg, 1 1.0 0.31 0.11 0.47 0.88
555.jpg, 1 1.0 0.25 0.34 0.45 0.49
556.jpg, 1 1.0 0.04 0.07 0.92 0.78
557.jpg, 1 1.0 0.46 0.14 0.44 0.37
558.jpg, 1 1.0 0.32 0.26 0.62 0.74
559.jpg, 1 1.0 0.49 0.26 0.36 0.43
560.jpg, 1 1.0 0.1 0.29 0.77 0.69
561.jpg, 1 1.0 0.21 0.19 0.33 0.59
562.jpg, 1 1.0 0.14 0.31 0.58 0.53
563.jpg, 1 1.0 0.46 0.29 0.23 0.68
564.jpg, 1 1.0 0.07 0.29 0.78 0.7
565.jpg, 1 1.0 0.23 0.08 0.38 0.77
566.jpg, 1 1.0 0.31 0.2 0.32 0.66
567.jpg, 1 1.0 0.16 0.26 0.37 0.53
568.jpg, 1 1.0 0.03 0.05 0.91 0.95
569.jpg, 1 1.0 0.36 0.29 0.58 0.48
570.jpg, 1 1.0 0.02 0.03 0.93 0.8
571.jpg, 1 1.0 0.21 0.1 0.35 0.74
572.jpg, 1 1.0 0.16 0.13 0.35 0.32
573.jpg, 1 1.0 0.11 0.53 0.23 0.37
574.jpg, 1 1.0 0.13 0.15 0.6 0.68
575.jpg, 1 1.0 0.24 0.35 0.36 0.59
576.jpg, 1 1.0 0.15 0.17 0.54 0.66
577.jpg, 1 1.0 0.42 0.48 0.2 0.29
578.jpg, 1 1.0 0.21 0.46 0.35 0.31
579.jpg, 1 1.0 0.05 0.23 0.54 0.51
580.jpg, 1 1.0 0.17 0.12 0.49 0.85
581.jpg, 1 1.0 0.14 0.09 0.45 0.78
582.jpg, 1 1.0 0.17 0.21 0.74 0.73
583.jpg, 1 1.0 0.29 0.27 0.53 0.57
584.jpg, 1 1.0 0.15 0.01 0.79 0.99
585.jpg, 1 1.0 0.43 0.47 0.24 0.29
586.jpg, 1 1.0 0.05 0.26 0.63 0.64
587.jpg, 1 1.0 0.26 0.21 0.35 0.47
588.jpg, 1 1.0 0.27 0.25 0.54 0.55
589.jpg, 1 1.0 0.11 0.2 0.67 0.57
590.jpg, 1 1.0 0.4 0.15 0.39 0.56
591.jpg, 1 1.0 0.15 0.07 0.82 0.9
592.jpg, 1 1.0 0.44 0.1 0.41 0.9
593.jpg, 1 1.0 0.14 0.26 0.38 0.44
594.jpg, 1 1.0 0.12 0.24 0.66 0.68
595.jpg, 1 1.0 0.31 0.14 0.34 0.75
596.jpg, 1 1.0 0.23 0.08 0.61 0.75
597.jpg, 1 1.0 0.0 0.07 0.93 0.92
598.jpg, 1 1.0 0.23 0.23 0.74 0.53
599.jpg, 1 1.0 0.08 0.18 0.62 0.68
600.jpg, 1 1.0 0.29 0.12 0.52 0.78
601.jpg, 1 1.0 0.39 0.37 0.33 0.52
602.jpg, 1 1.0 0.2 0.36 0.45 0.32
603.jpg, 1 1.0 0.38 0.12 0.31 0.87
604.jpg, 1 1.0 0.14 0.09 0.69 0.78
605.jpg, 1 1.0 0.22 0.18 0.78 0.62
606.jpg, 1 1.0 0.07 0.19 0.72 0.64
607.jpg, 1 1.0 0.05 0.35 0.56 0.43
608.jpg, 1 1.0 0.24 0.2 0.28 0.63
609.jpg, 1 1.0 0.11 0.17 0.84 0.64
610.jpg, 1 1.0 0.19 0.27 0.78 0.6
611.jpg, 1 1.0 0.23 0.16 0.59 0.84
612.jpg, 1 1.0 0.32 0.23 0.23 0.27
613.jpg, 1 1.0 0.07 0.41 0.57 0.47
614.jpg, 1 1.0 0.49 0.23 0.31 0.33
615.jpg, 1 1.0 0.11 0.22 0.82 0.67
616.jpg, 1 1.0 0.3 0.28 0.27 0.34
617.jpg, 1 1.0 0.01 0.2 0.92 0.79
618.jpg, 1 1.0 0.1 0.2 0.78 0.65
619.jpg, 1 1.0 0.32 0.26 0.63 0.73
620.jpg, 1 1.0 0.09 0.14 0.75 0.86
621.jpg, 1 1.0 0.23 0.24 0.51 0.57
622.jpg, 1 1.0 0.1 0.17 0.61 0.7
623.jpg, 1 1.0 0.0 0.04 0.95 0.8
624.jpg, 1 1.0 0.15 0.05 0.85 0.95
625.jpg, 1 1.0 0.3 0.3 0.62 0.4
626.jpg, 1 1.0 0.41 0.32 0.28 0.35
627.jpg, 1 1.0 0.4 0.21 0.47 0.76
628.jpg, 1 1.0 0.22 0.13 0.7 0.79
629.jpg, 1 1.0 0.13 0.15 0.62 0.83
630.jpg, 1 1.0 0.28 0.1 0.55 0.74
631.jpg, 1 1.0 0.14 0.37 0.45 0.45
632.jpg, 1 1.0 0.25 0.34 0.34 0.35
633.jpg, 1 1.0 0.11 0.31 0.47 0.38
634.jpg, 1 1.0 0.02 0.06 0.93 0.88
635.jpg, 1 1.0 0.08 0.19 0.81 0.52
636.jpg, 1 1.0 0.14 0.19 0.62 0.59
637.jpg, 1 1.0 0.16 0.24 0.58 0.59
638.jpg, 1 1.0 0.08 0.13 0.91 0.66
639.jpg, 1 1.0 0.4 0.17 0.42 0.73
640.jpg, 1 1.0 0.19 0.19 0.59 0.6
641.jpg, 1 1.0 0.05 0.16 0.66 0.63
642.jpg, 1 1.0 0.35 0.07 0.43 0.91
643.jpg, 1 1.0 0.04 0.17 0.81 0.74
644.jpg, 1 1.0 0.4 0.18 0.46 0.62
645.jpg, 1 1.0 0.07 0.2 0.39 0.58
646.jpg, 1 1.0 0.33 0.34 0.47 0.46
647.jpg, 1 1.0 0.28 0.15 0.68 0.71
648.jpg, 1 1.0 0.33 0.52 0.37 0.26
649.jpg, 1 1.0 0.32 0.32 0.25 0.43
650.jpg, 1 1.0 0.34 0.27 0.32 0.52
651.jpg, 1 1.0 0.23 0.24 0.46 0.55
652.jpg, 1 1.0 0.06 0.22 0.68 0.62
653.jpg, 1 1.0 0.08 0.01 0.71 0.9
654.jpg, 1 1.0 0.1 0.19 0.62 0.69
655.jpg, 1 1.0 0.1 0.35 0.25 0.43
656.jpg, 1 1.0 0.21 0.24 0.37 0.44
657.jpg, 1 1.0 0.31 0.17 0.25 0.63
658.jpg, 1 1.0 0.34 0.29 0.29 0.48
659.jpg, 1 1.0 0.36 0.13 0.5 0.69
660.jpg, 1 1.0 0.04 0.23 0.83 0.52
661.jpg, 1 1.0 0.31 0.38 0.68 0.5
662.jpg, 1 1.0 0.04 0.18 0.92 0.72
663.jpg, 1 1.0 0.15 0.16 0.45 0.43
664.jpg, 1 1.0 0.25 0.15 0.61 0.6
665.jpg, 1 1.0 0.23 0.24 0.51 0.57
666.jpg, 1 1.0 0.17 0.08 0.54 0.89
667.jpg, 1 1.0 0.14 0.16 0.68 0.6
668.jpg, 1 1.0 0.37 0.25 0.52 0.63
669.jpg, 1 1.0 0.01 0.23 0.93 0.76
670.jpg, 1 1.0 0.29 0.27 0.25 0.47
671.jpg, 1 1.0 0.13 0.32 0.63 0.37
672.jpg, 1 1.0 0.5 0.23 0.25 0.33
673.jpg, 1 1.0 0.18 0.18 0.46 0.82
674.jpg, 1 1.0 0.28 0.17 0.32 0.64
675.jpg, 1 1.0 0.11 0.52 0.36 0.47
676.jpg, 1 1.0 0.14 0.12 0.57 0.67
677.jpg, 1 1.0 0.04 0.19 0.79 0.64
678.jpg, 1 1.0 0.09 0.26 0.59 0.51
679.jpg, 1 1.0 0.1 0.08 0.75 0.81
680.jpg, 1 1.0 0.24 0.27 0.51 0.44
681.jpg, 1 1.0 0.0 0.06 0.98 0.88
682.jpg, 1 1.0 0.17 0.04 0.67 0.87
683.jpg, 1 1.0 0.47 0.11 0.25 0.34
684.jpg, 1 1.0 0.3 0.13 0.49 0.81
685.jpg, 1 1.0 0.03 0.02 0.95 0.98
686.jpg, 1 1.0 0.13 0.21 0.69 0.72
687.jpg, 1 1.0 0.12 0.3 0.79 0.7
688.jpg, 1 1.0 0.07 0.15 0.84 0.64
689.jpg, 1 1.0 0.3 0.25 0.58 0.58
690.jpg, 1 1.0 0.17 0.34 0.41 0.38
691.jpg, 1 1.0 0.09 0.13 0.74 0.82
692.jpg, 1 1.0 0.1 0.23 0.73 0.47
693.jpg, 1 1.0 0.13 0.18 0.5 0.58
694.jpg, 1 1.0 0.25 0.31 0.47 0.65
695.jpg, 1 1.0 0.16 0.18 0.56 0.64
696.jpg, 1 1.0 0.06 0.13 0.65 0.66
697.jpg, 1 1.0 0.06 0.02 0.87 0.93
698.jpg, 1 1.0 0.29 0.36 0.31 0.38
699.jpg, 1 1.0 0.28 0.09 0.31 0.79
700.jpg, 1 1.0 0.38 0.04 0.23 0.91
701.jpg, 1 1.0 0.29 0.4 0.48 0.41
702.jpg, 1 1.0 0.55 0.08 0.41 0.62
703.jpg, 1 1.0 0.08 0.27 0.63 0.58
704.jpg, 1 1.0 0.11 0.2 0.61 0.61
705.jpg, 1 1.0 0.28 0.09 0.67 0.86
706.jpg, 1 1.0 0.23 0.23 0.6 0.76
707.jpg, 1 1.0 0.07 0.22 0.53 0.53
708.jpg, 1 1.0 0.02 0.03 0.97 0.96
709.jpg, 1 1.0 0.52 0.15 0.3 0.62
710.jpg, 1 1.0 0.25 0.19 0.63 0.77
711.jpg, 1 1.0 0.18 0.12 0.61 0.84
712.jpg, 1 1.0 0.24 0.22 0.75 0.72
713.jpg, 1 1.0 0.59 0.29 0.26 0.48
714.jpg, 1 1.0 0.25 0.27 0.31 0.66
715.jpg, 1 1.0 0.1 0.19 0.83 0.66
716.jpg, 1 1.0 0.12 0.19 0.53 0.53
717.jpg, 1 1.0 0.44 0.73 0.38 0.27
718.jpg, 1 1.0 0.07 0.25 0.68 0.44
719.jpg, 1 1.0 0.41 0.32 0.24 0.55
720.jpg, 1 1.0 0.45 0.42 0.33 0.33
721.jpg, 1 1.0 0.53 0.43 0.36 0.46
722.jpg, 1 1.0 0.48 0.33 0.31 0.32
723.jpg, 1 1.0 0.08 0.08 0.88 0.78
724.jpg, 1 1.0 0.23 0.2 0.65 0.54
725.jpg, 1 1.0 0.2 0.19 0.64 0.72
726.jpg, 1 1.0 0.31 0.08 0.39 0.76
727.jpg, 1 1.0 0.25 0.12 0.63 0.7
728.jpg, 1 1.0 0.05 0.17 0.81 0.63
729.jpg, 1 1.0 0.32 0.17 0.47 0.75
730.jpg, 1 1.0 0.09 0.01 0.81 0.99
731.jpg, 1 1.0 0.33 0.26 0.25 0.47
732.jpg, 1 1.0 0.28 0.22 0.68 0.62
733.jpg, 1 1.0 0.26 0.24 0.62 0.65
734.jpg, 1 1.0 0.18 0.2 0.57 0.72
735.jpg, 1 1.0 0.42 0.45 0.32 0.4
736.jpg, 1 1.0 0.33 0.18 0.33 0.76
737.jpg, 1 1.0 0.14 0.19 0.83 0.65
738.jpg, 1 1.0 0.25 0.06 0.37 0.94
739.jpg, 1 1.0 0.3 0.18 0.57 0.58
740.jpg, 1 1.0 0.28 0.24 0.69 0.67
741.jpg, 1 1.0 0.27 0.05 0.62 0.88
742.jpg, 1 1.0 0.18 0.08 0.69 0.83
743.jpg, 1 1.0 0.19 0.2 0.52 0.77
744.jpg, 1 1.0 0.49 0.39 0.21 0.5
745.jpg, 1 1.0 0.55 0.18 0.24 0.71
746.jpg, 1 1.0 0.27 0.21 0.42 0.61
747.jpg, 1 1.0 0.27 0.29 0.55 0.46
748.jpg, 1 1.0 0.09 0.08 0.75 0.8
749.jpg, 1 1.0 0.09 0.27 0.41 0.63
750.jpg, 1 1.0 0.4 0.37 0.2 0.55
751.jpg, 1 1.0 0.28 0.24 0.31 0.41
752.jpg, 1 1.0 0.13 0.15 0.49 0.32
753.jpg, 1 1.0 0.32 0.4 0.32 0.25
754.jpg, 1 1.0 0.35 0.15 0.44 0.75
755.jpg, 1 1.0 0.16 0.2 0.45 0.26
756.jpg, 1 1.0 0.0 0.02 0.95 0.79
757.jpg, 1 1.0 0.5 0.14 0.27 0.32
758.jpg, 1 1.0 0.31 0.3 0.43 0.67
759.jpg, 1 1.0 0.2 0.22 0.49 0.44
760.jpg, 1 1.0 0.11 0.13 0.64 0.75
761.jpg, 1 1.0 0.45 0.13 0.23 0.75
762.jpg, 1 1.0 0.2 0.21 0.42 0.37
763.jpg, 1 1.0 0.05 0.02 0.89 0.92
764.jpg, 1 1.0 0.06 0.13 0.61 0.82
765.jpg, 1 1.0 0.49 0.36 0.33 0.38
766.jpg, 1 1.0 0.36 0.27 0.52 0.71
767.jpg, 1 1.0 0.24 0.12 0.57 0.82
768.jpg, 1 1.0 0.12 0.28 0.61 0.63
769.jpg, 1 1.0 0.44 0.27 0.3 0.33
770.jpg, 1 1.0 0.32 0.23 0.32 0.55
771.jpg, 1 1.0 0.16 0.17 0.63 0.78
772.jpg, 1 1.0 0.35 0.22 0.46 0.61
773.jpg, 1 1.0 0.07 0.38 0.57 0.53
774.jpg, 1 1.0 0.14 0.14 0.78 0.76
775.jpg, 1 1.0 0.0 0.0 1.0 1.0
776.jpg, 1 1.0 0.28 0.39 0.35 0.46
777.jpg, 1 1.0 0.28 0.25 0.64 0.62
778.jpg, 1 1.0 0.33 0.1 0.58 0.89
779.jpg, 1 1.0 0.17 0.38 0.33 0.5
780.jpg, 1 1.0 0.07 0.02 0.65 0.96
781.jpg, 1 1.0 0.24 0.29 0.71 0.54
782.jpg, 1 1.0 0.58 0.25 0.22 0.65
783.jpg, 1 1.0 0.08 0.08 0.76 0.92
784.jpg, 1 1.0 0.4 0.24 0.39 0.58
785.jpg, 1 1.0 0.25 0.26 0.38 0.55
786.jpg, 1 1.0 0.37 0.25 0.47 0.45
787.jpg, 1 1.0 0.17 0.32 0.56 0.41
788.jpg, 1 1.0 0.37 0.29 0.23 0.57
789.jpg, 1 1.0 0.14 0.13 0.4 0.74
790.jpg, 1 1.0 0.08 0.32 0.77 0.62
791.jpg, 1 1.0 0.26 0.11 0.71 0.89
792.jpg, 1 1.0 0.32 0.1 0.41 0.83
793.jpg, 1 1.0 0.33 0.31 0.47 0.56
794.jpg, 1 1.0 0.27 0.15 0.57 0.64
795.jpg, 1 1.0 0.25 0.18 0.74 0.79
796.jpg, 1 1.0 0.2 0.15 0.29 0.4
797.jpg, 1 1.0 0.29 0.29 0.57 0.45
798.jpg, 1 1.0 0.34 0.19 0.29 0.57
799.jpg, 1 1.0 0.23 0.25 0.39 0.59
800.jpg, 1 1.0 0.16 0.14 0.6 0.72
801.jpg, 1 1.0 0.2 0.24 0.4 0.24
802.jpg, 1 1.0 0.02 0.29 0.64 0.47
803.jpg, 1 1.0 0.11 0.02 0.8 0.97
804.jpg, 1 1.0 0.02 0.04 0.87 0.91
805.jpg, 1 1.0 0.29 0.11 0.36 0.77
806.jpg, 1 1.0 0.3 0.35 0.46 0.45
807.jpg, 1 1.0 0.24 0.27 0.65 0.5
808.jpg, 1 1.0 0.22 0.11 0.46 0.83
809.jpg, 1 1.0 0.0 0.17 0.95 0.77
810.jpg, 1 1.0 0.28 0.2 0.66 0.73
811.jpg, 1 1.0 0.23 0.2 0.54 0.62
812.jpg, 1 1.0 0.16 0.21 0.79 0.78
813.jpg, 1 1.0 0.3 0.29 0.3 0.49
814.jpg, 1 1.0 0.27 0.15 0.41 0.36
815.jpg, 1 1.0 0.3 0.02 0.49 0.97
816.jpg, 1 1.0 0.4 0.24 0.44 0.76
817.jpg, 1 1.0 0.21 0.16 0.78 0.83
818.jpg, 1 1.0 0.12 0.18 0.61 0.63
819.jpg, 1 1.0 0.04 0.19 0.81 0.43
820.jpg, 1 1.0 0.26 0.29 0.5 0.41
821.jpg, 1 1.0 0.04 0.4 0.74 0.47
822.jpg, 1 1.0 0.15 0.25 0.43 0.67
823.jpg, 1 1.0 0.26 0.2 0.49 0.62
824.jpg, 1 1.0 0.43 0.23 0.38 0.56
825.jpg, 1 1.0 0.12 0.23 0.77 0.7
826.jpg, 1 1.0 0.13 0.26 0.43 0.61
827.jpg, 1 1.0 0.02 0.2 0.62 0.75
828.jpg, 1 1.0 0.15 0.22 0.48 0.54
829.jpg, 1 1.0 0.45 0.24 0.31 0.37
830.jpg, 1 1.0 0.1 0.14 0.9 0.63
831.jpg, 1 1.0 0.1 0.13 0.71 0.83
832.jpg, 1 1.0 0.23 0.19 0.53 0.59
833.jpg, 1 1.0 0.25 0.1 0.53 0.85
834.jpg, 1 1.0 0.19 0.21 0.73 0.61
835.jpg, 1 1.0 0.32 0.13 0.47 0.78
836.jpg, 1 1.0 0.13 0.13 0.85 0.54
837.jpg, 1 1.0 0.33 0.14 0.36 0.76
838.jpg, 1 1.0 0.13 0.22 0.69 0.64
839.jpg, 1 1.0 0.0 0.15 0.89 0.79
840.jpg, 1 1.0 0.08 0.21 0.77 0.73
841.jpg, 1 1.0 0.58 0.28 0.33 0.49
842.jpg, 1 1.0 0.25 0.04 0.59 0.94
843.jpg, 1 1.0 0.09 0.21 0.77 0.67
844.jpg, 1 1.0 0.45 0.39 0.38 0.31
845.jpg, 1 1.0 0.2 0.2 0.8 0.77
846.jpg, 1 1.0 0.35 0.3 0.43 0.41
847.jpg, 1 1.0 0.11 0.14 0.8 0.43
848.jpg, 1 1.0 0.62 0.32 0.35 0.46
849.jpg, 1 1.0 0.2 0.13 0.7 0.7
850.jpg, 1 1.0 0.0 0.34 0.68 0.46
851.jpg, 1 1.0 0.2 0.19 0.59 0.56
852.jpg, 1 1.0 0.23 0.3 0.55 0.35
853.jpg, 1 1.0 0.26 0.13 0.59 0.82
854.jpg, 1 1.0 0.25 0.4 0.73 0.52
855.jpg, 1 1.0 0.41 0.04 0.57 0.71
856.jpg, 1 1.0 0.29 0.32 0.46 0.44
857.jpg, 1 1.0 0.31 0.23 0.51 0.75
858.jpg, 1 1.0 0.24 0.04 0.71 0.96
859.jpg, 1 1.0 0.39 0.3 0.45 0.53
860.jpg, 1 1.0 0.1 0.32 0.38 0.55
861.jpg, 1 1.0 0.15 0.4 0.37 0.42
862.jpg, 1 1.0 0.25 0.12 0.54 0.83
863.jpg, 1 1.0 0.28 0.14 0.42 0.56
864.jpg, 1 1.0 0.17 0.37 0.46 0.35
865.jpg, 1 1.0 0.15 0.33 0.57 0.59
866.jpg, 1 1.0 0.43 0.2 0.22 0.69
867.jpg, 1 1.0 0.34 0.49 0.61 0.37
868.jpg, 1 1.0 0.0 0.12 0.87 0.87
869.jpg, 1 1.0 0.29 0.15 0.49 0.54
870.jpg, 1 1.0 0.08 0.11 0.72 0.84
871.jpg, 1 1.0 0.17 0.08 0.45 0.86
872.jpg, 1 1.0 0.3 0.25 0.42 0.5
873.jpg, 1 1.0 0.47 0.33 0.39 0.55
874.jpg, 1 1.0 0.49 0.24 0.45 0.58
875.jpg, 1 1.0 0.28 0.23 0.43 0.49
876.jpg, 1 1.0 0.01 0.33 0.77 0.4
877.jpg, 1 1.0 0.26 0.3 0.66 0.5
878.jpg, 1 1.0 0.3 0.15 0.52 0.8
879.jpg, 1 1.0 0.03 0.13 0.93 0.86
880.jpg, 1 1.0 0.24 0.33 0.53 0.21
881.jpg, 1 1.0 0.1 0.08 0.6 0.89
882.jpg, 1 1.0 0.26 0.11 0.56 0.85
883.jpg, 1 1.0 0.02 0.18 0.86 0.5
884.jpg, 1 1.0 0.07 0.23 0.84 0.43
885.jpg, 1 1.0 0.3 0.15 0.51 0.78
886.jpg, 1 1.0 0.27 0.18 0.35 0.73
887.jpg, 1 1.0 0.18 0.19 0.69 0.69
888.jpg, 1 1.0 0.28 0.2 0.28 0.79
889.jpg, 1 1.0 0.18 0.19 0.58 0.76
890.jpg, 1 1.0 0.35 0.08 0.55 0.91
891.jpg, 1 1.0 0.22 0.18 0.44 0.45
892.jpg, 1 1.0 0.1 0.07 0.78 0.72
893.jpg, 1 1.0 0.27 0.19 0.57 0.47
894.jpg, 1 1.0 0.41 0.2 0.28 0.5
895.jpg, 1 1.0 0.01 0.05 0.91 0.92
896.jpg, 1 1.0 0.13 0.08 0.72 0.74
897.jpg, 1 1.0 0.18 0.07 0.56 0.89
898.jpg, 1 1.0 0.23 0.37 0.35 0.57
899.jpg, 1 1.0 0.23 0.05 0.43 0.95
900.jpg, 1 1.0 0.41 0.28 0.39 0.64
901.jpg, 1 1.0 0.33 0.29 0.26 0.41
902.jpg, 1 1.0 0.43 0.26 0.41 0.54
903.jpg, 1 1.0 0.21 0.25 0.44 0.44
904.jpg, 1 1.0 0.16 0.13 0.49 0.76
905.jpg, 1 1.0 0.05 0.08 0.83 0.64
906.jpg, 1 1.0 0.13 0.14 0.38 0.35
907.jpg, 1 1.0 0.12 0.08 0.86 0.92
908.jpg, 1 1.0 0.22 0.11 0.61 0.81
909.jpg, 1 1.0 0.39 0.06 0.2 0.87
910.jpg, 1 1.0 0.28 0.14 0.52 0.85
911.jpg, 1 1.0 0.15 0.11 0.49 0.76
912.jpg, 1 1.0 0.27 0.32 0.4 0.37
913.jpg, 1 1.0 0.09 0.1 0.89 0.9
914.jpg, 1 1.0 0.15 0.31 0.38 0.61
915.jpg, 1 1.0 0.15 0.22 0.79 0.67
916.jpg, 1 1.0 0.17 0.12 0.64 0.87
917.jpg, 1 1.0 0.26 0.19 0.57 0.66
918.jpg, 1 1.0 0.39 0.31 0.53 0.51
919.jpg, 1 1.0 0.07 0.15 0.34 0.62
920.jpg, 1 1.0 0.12 0.14 0.61 0.8
921.jpg, 1 1.0 0.22 0.22 0.58 0.53
922.jpg, 1 1.0 0.17 0.23 0.65 0.55
923.jpg, 1 1.0 0.15 0.04 0.81 0.9
924.jpg, 1 1.0 0.35 0.29 0.29 0.44
925.jpg, 1 1.0 0.33 0.31 0.46 0.43
926.jpg, 1 1.0 0.3 0.13 0.31 0.58
927.jpg, 1 1.0 0.23 0.24 0.76 0.6
928.jpg, 1 1.0 0.12 0.22 0.62 0.62
929.jpg, 1 1.0 0.08 0.14 0.71 0.75
930.jpg, 1 1.0 0.24 0.12 0.74 0.75
931.jpg, 1 1.0 0.37 0.24 0.47 0.6
932.jpg, 1 1.0 0.01 0.16 0.89 0.79
933.jpg, 1 1.0 0.27 0.2 0.67 0.63
934.jpg, 1 1.0 0.24 0.15 0.51 0.63
935.jpg, 1 1.0 0.23 0.29 0.3 0.56
936.jpg, 1 1.0 0.28 0.12 0.33 0.77
937.jpg, 1 1.0 0.13 0.08 0.78 0.92
938.jpg, 1 1.0 0.04 0.15 0.64 0.51
939.jpg, 1 1.0 0.19 0.11 0.36 0.79
940.jpg, 1 1.0 0.26 0.07 0.62 0.83
941.jpg, 1 1.0 0.09 0.19 0.81 0.75
942.jpg, 1 1.0 0.06 0.11 0.72 0.88
943.jpg, 1 1.0 0.2 0.15 0.52 0.69
944.jpg, 1 1.0 0.2 0.0 0.7 0.95
945.jpg, 1 1.0 0.23 0.35 0.44 0.37
946.jpg, 1 1.0 0.3 0.35 0.57 0.52
947.jpg, 1 1.0 0.15 0.23 0.82 0.62
948.jpg, 1 1.0 0.22 0.19 0.68 0.76
949.jpg, 1 1.0 0.13 0.21 0.59 0.64
950.jpg, 1 1.0 0.29 0.12 0.27 0.86
951.jpg, 1 1.0 0.38 0.45 0.39 0.35
952.jpg, 1 1.0 0.41 0.37 0.36 0.46
953.jpg, 1 1.0 0.42 0.33 0.33 0.37
954.jpg, 1 1.0 0.35 0.34 0.25 0.65
955.jpg, 1 1.0 0.17 0.15 0.41 0.79
956.jpg, 1 1.0 0.19 0.08 0.64 0.86
957.jpg, 1 1.0 0.44 0.48 0.51 0.45
958.jpg, 1 1.0 0.18 0.21 0.77 0.62
959.jpg, 1 1.0 0.14 0.12 0.75 0.83
960.jpg, 1 1.0 0.43 0.35 0.3 0.45
961.jpg, 1 1.0 0.17 0.32 0.72 0.39
962.jpg, 1 1.0 0.15 0.17 0.62 0.66
963.jpg, 1 1.0 0.34 0.12 0.36 0.75
964.jpg, 1 1.0 0.04 0.21 0.83 0.62
965.jpg, 1 1.0 0.03 0.2 0.91 0.68
966.jpg, 1 1.0 0.08 0.18 0.43 0.52
967.jpg, 1 1.0 0.17 0.27 0.62 0.58
968.jpg, 1 1.0 0.18 0.33 0.42 0.44
969.jpg, 1 1.0 0.21 0.16 0.57 0.7
970.jpg, 1 1.0 0.37 0.12 0.34 0.77
971.jpg, 1 1.0 0.06 0.24 0.56 0.4
972.jpg, 1 1.0 0.24 0.11 0.75 0.89
973.jpg, 1 1.0 0.46 0.48 0.31 0.31
974.jpg, 1 1.0 0.15 0.28 0.75 0.6
975.jpg, 1 1.0 0.18 0.34 0.45 0.39
976.jpg, 1 1.0 0.1 0.21 0.62 0.62
977.jpg, 1 1.0 0.02 0.11 0.93 0.82
978.jpg, 1 1.0 0.08 0.33 0.59 0.49
979.jpg, 1 1.0 0.24 0.39 0.35 0.35
980.jpg, 1 1.0 0.12 0.14 0.78 0.56
981.jpg, 1 1.0 0.22 0.13 0.53 0.8
982.jpg, 1 1.0 0.16 0.17 0.61 0.37
983.jpg, 1 1.0 0.03 0.22 0.87 0.66
984.jpg, 1 1.0 0.26 0.11 0.5 0.81
985.jpg, 1 1.0 0.32 0.23 0.33 0.42
986.jpg, 1 1.0 0.14 0.15 0.62 0.71
987.jpg, 1 1.0 0.16 0.12 0.68 0.61
988.jpg, 1 1.0 0.56 0.48 0.43 0.38
989.jpg, 1 1.0 0.5 0.34 0.28 0.45
990.jpg, 1 1.0 0.18 0.21 0.77 0.65
991.jpg, 1 1.0 0.07 0.01 0.93 0.85
992.jpg, 1 1.0 0.32 0.21 0.47 0.56
993.jpg, 1 1.0 0.19 0.01 0.47 0.77
994.jpg, 1 1.0 0.26 0.26 0.35 0.4
995.jpg, 1 1.0 0.27 0.25 0.2 0.68
996.jpg, 1 1.0 0.28 0.25 0.23 0.68
997.jpg, 1 1.0 0.41 0.28 0.31 0.51
998.jpg, 1 1.0 0.03 0.32 0.78 0.54
999.jpg, 1 1.0 0.29 0.3 0.43 0.62