{
  "version": "2020.1",
  "applications": [],
  "platforms": [
    {
      "name": "MicroBlaze_pwm_wrapper"
    }
  ],
  "systems": [
    {
      "name": "Lab4_Vitis_system",
      "platform": "C:/Users/EEuser/workspace/MicroBlaze_pwm_wrapper/export/MicroBlaze_pwm_wrapper/MicroBlaze_pwm_wrapper.xpfm",
      "sysConfig": "MicroBlaze_pwm_wrapper",
      "applications": [
        {
          "name": "Lab4_Vitis",
          "platform": "C:/Users/EEuser/workspace/MicroBlaze_pwm_wrapper/export/MicroBlaze_pwm_wrapper/MicroBlaze_pwm_wrapper.xpfm",
          "platformPath": "C:\\Users\\EEuser\\workspace\\MicroBlaze_pwm_wrapper\\export\\MicroBlaze_pwm_wrapper",
          "sysConfig": "MicroBlaze_pwm_wrapper",
          "domain": "domain_microblaze_0",
          "system": "Lab4_Vitis_system"
        }
      ],
      "platformPath": "C:\\Users\\EEuser\\workspace\\MicroBlaze_pwm_wrapper\\export\\MicroBlaze_pwm_wrapper"
    }
  ],
  "others": []
}